{"cameraMode":{"drawMode":0,"name":"Shaded","section":"Shading Mode"},"sceneLighting":true,"audioPlay":false,"sceneViewState":{"showFog":true,"showMaterialUpdate":false,"showSkybox":true,"showFlares":true,"showImageEffects":true,"showParticleSystems":true},"in2DMode":false,"pivot":{"x":-4.012577056884766,"y":23.34330940246582,"z":-72.85234832763672},"rotation":{"x":0.17121799290180207,"y":-0.16332189738750459,"z":0.028650039806962014,"w":0.9714667797088623},"size":11.02372932434082,"orthographic":false}